;Date;Births
0;01/01/1749;3136
1;01/02/1749;3605
2;01/03/1749;4563
3;01/04/1749;2945
4;01/05/1749;6816
5;01/06/1749;6348
6;01/07/1749;8321
7;01/08/1749;4033
8;01/09/1749;5208
9;01/10/1749;5292
10;01/11/1749;23232
11;01/12/1749;6721
12;01/01/1750;5043
13;01/02/1750;5208
14;01/03/1750;7400
15;01/04/1750;7105
16;01/05/1750;7400
17;01/06/1750;9185
18;01/07/1750;6816
19;01/08/1750;9747
20;01/09/1750;7701
21;01/10/1750;3888
22;01/11/1750;3675
23;01/12/1750;5292
24;01/01/1751;4563
25;01/02/1751;1776
26;01/03/1751;1925
27;01/04/1751;2821
28;01/05/1751;3333
29;01/06/1751;2408
30;01/07/1751;4033
31;01/08/1751;3333
32;01/09/1751;507
33;01/10/1751;456
34;01/11/1751;705
35;01/12/1751;1680
36;01/01/1752;1121
37;01/02/1752;2241
38;01/03/1752;4720
39;01/04/1752;3201
40;01/05/1752;3267
41;01/06/1752;1452
42;01/07/1752;5633
43;01/08/1752;736
44;01/09/1752;645
45;01/10/1752;1976
46;01/11/1752;1281
47;01/12/1752;1408
48;01/01/1753;1728
49;01/02/1753;901
50;01/03/1753;1875
51;01/04/1753;1365
52;01/05/1753;1121
53;01/06/1753;901
54;01/07/1753;408
55;01/08/1753;1365
56;01/09/1753;675
57;01/10/1753;616
58;01/11/1753;341
59;01/12/1753;40
60;01/01/1754;0
61;01/02/1754;8
62;01/03/1754;3
63;01/04/1754;147
64;01/05/1754;408
65;01/06/1754;645
66;01/07/1754;300
67;01/08/1754;133
68;01/09/1754;75
69;01/10/1754;533
70;01/11/1754;176
71;01/12/1754;12
72;01/01/1755;96
73;01/02/1755;120
74;01/03/1755;33
75;01/04/1755;48
76;01/05/1755;0
77;01/06/1755;0
78;01/07/1755;75
79;01/08/1755;8
80;01/09/1755;300
81;01/10/1755;507
82;01/11/1755;33
83;01/12/1755;341
84;01/01/1756;120
85;01/02/1756;48
86;01/03/1756;27
87;01/04/1756;65
88;01/05/1756;147
89;01/06/1756;133
90;01/07/1756;12
91;01/08/1756;33
92;01/09/1756;147
93;01/10/1756;192
94;01/11/1756;261
95;01/12/1756;65
96;01/01/1757;176
97;01/02/1757;432
98;01/03/1757;616
99;01/04/1757;867
100;01/05/1757;1365
101;01/06/1757;147
102;01/07/1757;588
103;01/08/1757;2352
104;01/09/1757;1365
105;01/10/1757;936
106;01/11/1757;3816
107;01/12/1757;1008
108;01/01/1758;1240
109;01/02/1758;2408
110;01/03/1758;2241
111;01/04/1758;4800
112;01/05/1758;1976
113;01/06/1758;1776
114;01/07/1758;1825
115;01/08/1758;1365
116;01/09/1758;3675
117;01/10/1758;1365
118;01/11/1758;1776
119;01/12/1758;1680
120;01/01/1759;2133
121;01/02/1759;1776
122;01/03/1759;2028
123;01/04/1759;1976
124;01/05/1759;2241
125;01/06/1759;2241
126;01/07/1759;2408
127;01/08/1759;4720
128;01/09/1759;5547
129;01/10/1759;3333
130;01/11/1759;2028
131;01/12/1759;3072
132;01/01/1760;4181
133;01/02/1760;3333
134;01/03/1760;5208
135;01/04/1760;3136
136;01/05/1760;4880
137;01/06/1760;2080
138;01/07/1760;4033
139;01/08/1760;5208
140;01/09/1760;3400
141;01/10/1760;2408
142;01/11/1760;3201
143;01/12/1760;3536
144;01/01/1761;4408
145;01/02/1761;7600
146;01/03/1761;5896
147;01/04/1761;4720
148;01/05/1761;10800
149;01/06/1761;8965
150;01/07/1761;8216
151;01/08/1761;7701
152;01/09/1761;9185
153;01/10/1761;7301
154;01/11/1761;7400
155;01/12/1761;1875
156;01/01/1762;1680
157;01/02/1762;4961
158;01/03/1762;1925
159;01/04/1762;3267
160;01/05/1762;1452
161;01/06/1762;5461
162;01/07/1762;1045
163;01/08/1762;4181
164;01/09/1762;4256
165;01/10/1762;4408
166;01/11/1762;5633
167;01/12/1762;5376
168;01/01/1763;2883
169;01/02/1763;972
170;01/03/1763;1045
171;01/04/1763;1008
172;01/05/1763;972
173;01/06/1763;1160
174;01/07/1763;2640
175;01/08/1763;645
176;01/09/1763;4181
177;01/10/1763;1925
178;01/11/1763;3400
179;01/12/1763;3536
180;01/01/1764;3201
181;01/02/1764;3333
182;01/03/1764;1496
183;01/04/1764;1008
184;01/05/1764;1875
185;01/06/1764;800
186;01/07/1764;867
187;01/08/1764;833
188;01/09/1764;705
189;01/10/1764;705
190;01/11/1764;616
191;01/12/1764;560
192;01/01/1765;507
193;01/02/1765;616
194;01/03/1765;560
195;01/04/1765;432
196;01/05/1765;363
197;01/06/1765;341
198;01/07/1765;616
199;01/08/1765;833
200;01/09/1765;208
201;01/10/1765;161
202;01/11/1765;161
203;01/12/1765;147
204;01/01/1766;133
205;01/02/1766;120
206;01/03/1766;1200
207;01/04/1766;40
208;01/05/1766;675
209;01/06/1766;8
210;01/07/1766;8
211;01/08/1766;8
212;01/09/1766;8
213;01/10/1766;21
214;01/11/1766;33
215;01/12/1766;320
216;01/01/1767;675
217;01/02/1767;800
218;01/03/1767;1680
219;01/04/1767;972
220;01/05/1767;833
221;01/06/1767;972
222;01/07/1767;408
223;01/08/1767;1496
224;01/09/1767;1633
225;01/10/1767;1825
226;01/11/1767;2821
227;01/12/1767;2523
228;01/01/1768;2581
229;01/02/1768;3888
230;01/03/1768;1925
231;01/04/1768;1587
232;01/05/1768;5461
233;01/06/1768;5461
234;01/07/1768;2640
235;01/08/1768;4033
236;01/09/1768;5208
237;01/10/1768;5461
238;01/11/1768;7500
239;01/12/1768;11532
240;01/01/1769;5125
241;01/02/1769;3816
242;01/03/1769;3675
243;01/04/1769;8640
244;01/05/1769;5043
245;01/06/1769;8216
246;01/07/1769;13200
247;01/08/1769;13200
248;01/09/1769;20501
249;01/10/1769;23056
250;01/11/1769;20008
251;01/12/1769;11408
252;01/01/1770;9861
253;01/02/1770;18565
254;01/03/1770;5896
255;01/04/1770;2408
256;01/05/1770;4563
257;01/06/1770;6440
258;01/07/1770;11163
259;01/08/1770;14560
260;01/09/1770;10092
261;01/10/1770;9747
262;01/11/1770;16280
263;01/12/1770;9520
264;01/01/1771;1240
265;01/02/1771;2028
266;01/03/1771;1976
267;01/04/1771;3888
268;01/05/1771;21336
269;01/06/1771;12936
270;01/07/1771;4181
271;01/08/1771;3072
272;01/09/1771;9633
273;01/10/1771;7500
274;01/11/1771;9075
275;01/12/1771;8321
276;01/01/1772;9408
277;01/02/1772;7500
278;01/03/1772;901
279;01/04/1772;7905
280;01/05/1772;1323
281;01/06/1772;3008
282;01/07/1772;5547
283;01/08/1772;2821
284;01/09/1772;2296
285;01/10/1772;5547
286;01/11/1772;3468
287;01/12/1772;3745
288;01/01/1773;2760
289;01/02/1773;736
290;01/03/1773;2408
291;01/04/1773;1008
292;01/05/1773;1587
293;01/06/1773;736
294;01/07/1773;675
295;01/08/1773;133
296;01/09/1773;736
297;01/10/1773;645
298;01/11/1773;1452
299;01/12/1773;1728
300;01/01/1774;2028
301;01/02/1774;4033
302;01/03/1774;2883
303;01/04/1774;1728
304;01/05/1774;2408
305;01/06/1774;705
306;01/07/1774;280
307;01/08/1774;27
308;01/09/1774;65
309;01/10/1774;161
310;01/11/1774;280
311;01/12/1774;133
312;01/01/1775;21
313;01/02/1775;0
314;01/03/1775;133
315;01/04/1775;120
316;01/05/1775;16
317;01/06/1775;147
318;01/07/1775;0
319;01/08/1775;56
320;01/09/1775;12
321;01/10/1775;33
322;01/11/1775;225
323;01/12/1775;48
324;01/01/1776;432
325;01/02/1776;133
326;01/03/1776;27
327;01/04/1776;432
328;01/05/1776;108
329;01/06/1776;320
330;01/07/1776;0
331;01/08/1776;533
332;01/09/1776;225
333;01/10/1776;867
334;01/11/1776;1083
335;01/12/1776;1408
336;01/01/1777;1875
337;01/02/1777;1160
338;01/03/1777;1323
339;01/04/1777;8427
340;01/05/1777;5985
341;01/06/1777;6075
342;01/07/1777;8216
343;01/08/1777;11781
344;01/09/1777;12288
345;01/10/1777;10443
346;01/11/1777;19845
347;01/12/1777;23056
348;01/01/1778;29205
349;01/02/1778;11163
350;01/03/1778;16725
351;01/04/1778;19360
352;01/05/1778;52801
353;01/06/1778;27456
354;01/07/1778;21505
355;01/08/1778;17941
356;01/09/1778;27265
357;01/10/1778;22533
358;01/11/1778;20833
359;01/12/1778;10325
360;01/01/1779;12160
361;01/02/1779;25208
362;01/03/1779;12675
363;01/04/1779;19683
364;01/05/1779;18096
365;01/06/1779;11907
366;01/07/1779;18881
367;01/08/1779;11656
368;01/09/1779;11285
369;01/10/1779;14283
370;01/11/1779;11907
371;01/12/1779;11163
372;01/01/1780;4408
373;01/02/1780;8965
374;01/03/1780;8856
375;01/04/1780;8216
376;01/05/1780;10561
377;01/06/1780;7105
378;01/07/1780;6912
379;01/08/1780;6912
380;01/09/1780;8216
381;01/10/1780;5376
382;01/11/1780;3333
383;01/12/1780;3201
384;01/01/1781;9075
385;01/02/1781;5125
386;01/03/1781;2523
387;01/04/1781;4181
388;01/05/1781;9976
389;01/06/1781;8640
390;01/07/1781;4880
391;01/08/1781;4107
392;01/09/1781;2352
393;01/10/1781;705
394;01/11/1781;4181
395;01/12/1781;1121
396;01/01/1782;2640
397;01/02/1782;1240
398;01/03/1782;1240
399;01/04/1782;1452
400;01/05/1782;2700
401;01/06/1782;1365
402;01/07/1782;1200
403;01/08/1782;1776
404;01/09/1782;1008
405;01/10/1782;456
406;01/11/1782;936
407;01/12/1782;768
408;01/01/1783;705
409;01/02/1783;1408
410;01/03/1783;675
411;01/04/1783;705
412;01/05/1783;507
413;01/06/1783;616
414;01/07/1783;936
415;01/08/1783;385
416;01/09/1783;261
417;01/10/1783;65
418;01/11/1783;225
419;01/12/1783;108
420;01/01/1784;176
421;01/02/1784;65
422;01/03/1784;108
423;01/04/1784;108
424;01/05/1784;40
425;01/06/1784;65
426;01/07/1784;40
427;01/08/1784;108
428;01/09/1784;85
429;01/10/1784;56
430;01/11/1784;243
431;01/12/1784;161
432;01/01/1785;40
433;01/02/1785;56
434;01/03/1785;65
435;01/04/1785;225
436;01/05/1785;363
437;01/06/1785;645
438;01/07/1785;1200
439;01/08/1785;363
440;01/09/1785;972
441;01/10/1785;2028
442;01/11/1785;1541
443;01/12/1785;675
444;01/01/1786;1281
445;01/02/1786;2133
446;01/03/1786;2028
447;01/04/1786;6816
448;01/05/1786;7905
449;01/06/1786;3201
450;01/07/1786;6440
451;01/08/1786;7301
452;01/09/1786;11532
453;01/10/1786;11408
454;01/11/1786;12545
455;01/12/1786;11656
456;01/01/1787;16875
457;01/02/1787;10443
458;01/03/1787;7008
459;01/04/1787;14840
460;01/05/1787;17025
461;01/06/1787;9185
462;01/07/1787;15265
463;01/08/1787;17328
464;01/09/1787;22533
465;01/10/1787;22881
466;01/11/1787;18565
467;01/12/1787;27840
468;01/01/1788;17787
469;01/02/1788;15408
470;01/03/1788;18881
471;01/04/1788;11041
472;01/05/1788;11781
473;01/06/1788;21675
474;01/07/1788;18565
475;01/08/1788;17025
476;01/09/1788;18565
477;01/10/1788;18723
478;01/11/1788;8216
479;01/12/1788;15552
480;01/01/1789;12033
481;01/02/1789;14421
482;01/03/1789;13467
483;01/04/1789;14008
484;01/05/1789;14008
485;01/06/1789;13068
486;01/07/1789;12805
487;01/08/1789;9747
488;01/09/1789;11656
489;01/10/1789;7400
490;01/11/1789;16576
491;01/12/1789;16875
492;01/01/1790;9861
493;01/02/1790;14840
494;01/03/1790;8640
495;01/04/1790;8216
496;01/05/1790;7905
497;01/06/1790;7600
498;01/07/1790;4485
499;01/08/1790;7008
500;01/09/1790;5547
501;01/10/1790;6627
502;01/11/1790;6256
503;01/12/1790;5043
504;01/01/1791;4961
505;01/02/1791;3468
506;01/03/1791;5125
507;01/04/1791;5376
508;01/05/1791;5125
509;01/06/1791;3675
510;01/07/1791;4641
511;01/08/1791;1680
512;01/09/1791;4107
513;01/10/1791;3400
514;01/11/1791;4181
515;01/12/1791;3960
516;01/01/1792;3136
517;01/02/1792;3816
518;01/03/1792;3605
519;01/04/1792;5376
520;01/05/1792;3605
521;01/06/1792;3333
522;01/07/1792;1875
523;01/08/1792;3333
524;01/09/1792;3201
525;01/10/1792;3201
526;01/11/1792;2945
527;01/12/1792;2821
528;01/01/1793;2821
529;01/02/1793;2821
530;01/03/1793;2821
531;01/04/1793;2465
532;01/05/1793;2581
533;01/06/1793;2352
534;01/07/1793;2296
535;01/08/1793;768
536;01/09/1793;560
537;01/10/1793;2080
538;01/11/1793;1728
539;01/12/1793;1976
540;01/01/1794;1875
541;01/02/1794;1728
542;01/03/1794;1365
543;01/04/1794;736
544;01/05/1794;2760
545;01/06/1794;1541
546;01/07/1794;1496
547;01/08/1794;1496
548;01/09/1794;108
549;01/10/1794;768
550;01/11/1794;4181
551;01/12/1794;2408
552;01/01/1795;408
553;01/02/1795;1408
554;01/03/1795;120
555;01/04/1795;300
556;01/05/1795;833
557;01/06/1795;243
558;01/07/1795;147
559;01/08/1795;616
560;01/09/1795;147
561;01/10/1795;320
562;01/11/1795;533
563;01/12/1795;280
564;01/01/1796;408
565;01/02/1796;507
566;01/03/1796;208
567;01/04/1796;972
568;01/05/1796;408
569;01/06/1796;40
570;01/07/1796;675
571;01/08/1796;0
572;01/09/1796;320
573;01/10/1796;120
574;01/11/1796;56
575;01/12/1796;16
576;01/01/1797;192
577;01/02/1797;16
578;01/03/1797;12
579;01/04/1797;8
580;01/05/1797;40
581;01/06/1797;120
582;01/07/1797;12
583;01/08/1797;27
584;01/09/1797;21
585;01/10/1797;48
586;01/11/1797;21
587;01/12/1797;5
588;01/01/1798;5
589;01/02/1798;16
590;01/03/1798;120
591;01/04/1798;1
592;01/05/1798;0
593;01/06/1798;0
594;01/07/1798;0
595;01/08/1798;5
596;01/09/1798;1
597;01/10/1798;1
598;01/11/1798;120
599;01/12/1798;75
600;01/01/1799;3
601;01/02/1799;133
602;01/03/1799;408
603;01/04/1799;48
604;01/05/1799;56
605;01/06/1799;108
606;01/07/1799;1
607;01/08/1799;0
608;01/09/1799;0
609;01/10/1799;21
610;01/11/1799;12
611;01/12/1799;56
612;01/01/1800;48
613;01/02/1800;85
614;01/03/1800;176
615;01/04/1800;0
616;01/05/1800;21
617;01/06/1800;481
618;01/07/1800;385
619;01/08/1800;363
620;01/09/1800;108
621;01/10/1800;147
622;01/11/1800;96
623;01/12/1800;1496
624;01/01/1801;705
625;01/02/1801;768
626;01/03/1801;800
627;01/04/1801;936
628;01/05/1801;936
629;01/06/1801;833
630;01/07/1801;1083
631;01/08/1801;1323
632;01/09/1801;1008
633;01/10/1801;1008
634;01/11/1801;1365
635;01/12/1801;2080
636;01/01/1802;2133
637;01/02/1802;2028
638;01/03/1802;1587
639;01/04/1802;1680
640;01/05/1802;1776
641;01/06/1802;1875
642;01/07/1802;2080
643;01/08/1802;2241
644;01/09/1802;2523
645;01/10/1802;1323
646;01/11/1802;1121
647;01/12/1802;2352
648;01/01/1803;2296
649;01/02/1803;2296
650;01/03/1803;768
651;01/04/1803;533
652;01/05/1803;1825
653;01/06/1803;1240
654;01/07/1803;2187
655;01/08/1803;1083
656;01/09/1803;1925
657;01/10/1803;2700
658;01/11/1803;2352
659;01/12/1803;2133
660;01/01/1804;1825
661;01/02/1804;2080
662;01/03/1804;2133
663;01/04/1804;2352
664;01/05/1804;1008
665;01/06/1804;1121
666;01/07/1804;768
667;01/08/1804;1728
668;01/09/1804;2640
669;01/10/1804;3536
670;01/11/1804;3468
671;01/12/1804;3267
672;01/01/1805;3400
673;01/02/1805;1728
674;01/03/1805;2352
675;01/04/1805;1323
676;01/05/1805;1452
677;01/06/1805;1452
678;01/07/1805;1365
679;01/08/1805;1680
680;01/09/1805;1875
681;01/10/1805;736
682;01/11/1805;1541
683;01/12/1805;1323
684;01/01/1806;1365
685;01/02/1806;768
686;01/03/1806;1008
687;01/04/1806;675
688;01/05/1806;616
689;01/06/1806;645
690;01/07/1806;867
691;01/08/1806;588
692;01/09/1806;507
693;01/10/1806;675
694;01/11/1806;588
695;01/12/1806;533
696;01/01/1807;133
697;01/02/1807;147
698;01/03/1807;85
699;01/04/1807;507
700;01/05/1807;96
701;01/06/1807;120
702;01/07/1807;161
703;01/08/1807;133
704;01/09/1807;27
705;01/10/1807;48
706;01/11/1807;5
707;01/12/1807;0
708;01/01/1808;0
709;01/02/1808;21
710;01/03/1808;0
711;01/04/1808;133
712;01/05/1808;147
713;01/06/1808;147
714;01/07/1808;40
715;01/08/1808;65
716;01/09/1808;133
717;01/10/1808;12
718;01/11/1808;108
719;01/12/1808;147
720;01/01/1809;40
721;01/02/1809;75
722;01/03/1809;0
723;01/04/1809;5
724;01/05/1809;3
725;01/06/1809;56
726;01/07/1809;0
727;01/08/1809;0
728;01/09/1809;0
729;01/10/1809;0
730;01/11/1809;0
731;01/12/1809;0
732;01/01/1810;0
733;01/02/1810;0
734;01/03/1810;0
735;01/04/1810;0
736;01/05/1810;0
737;01/06/1810;0
738;01/07/1810;0
739;01/08/1810;0
740;01/09/1810;0
741;01/10/1810;0
742;01/11/1810;0
743;01/12/1810;0
744;01/01/1811;0
745;01/02/1811;0
746;01/03/1811;0
747;01/04/1811;0
748;01/05/1811;0
749;01/06/1811;0
750;01/07/1811;40
751;01/08/1811;0
752;01/09/1811;3
753;01/10/1811;33
754;01/11/1811;0
755;01/12/1811;0
756;01/01/1812;120
757;01/02/1812;5
758;01/03/1812;0
759;01/04/1812;0
760;01/05/1812;0
761;01/06/1812;3
762;01/07/1812;0
763;01/08/1812;243
764;01/09/1812;16
765;01/10/1812;8
766;01/11/1812;65
767;01/12/1812;96
768;01/01/1813;0
769;01/02/1813;85
770;01/03/1813;3
771;01/04/1813;243
772;01/05/1813;27
773;01/06/1813;120
774;01/07/1813;280
775;01/08/1813;48
776;01/09/1813;208
777;01/10/1813;705
778;01/11/1813;261
779;01/12/1813;176
780;01/01/1814;432
781;01/02/1814;147
782;01/03/1814;27
783;01/04/1814;533
784;01/05/1814;40
785;01/06/1814;192
786;01/07/1814;300
787;01/08/1814;5
788;01/09/1814;48
789;01/10/1814;320
790;01/11/1814;208
791;01/12/1814;363
792;01/01/1815;300
793;01/02/1815;901
794;01/03/1815;645
795;01/04/1815;936
796;01/05/1815;75
797;01/06/1815;2821
798;01/07/1815;1121
799;01/08/1815;1976
800;01/09/1815;901
801;01/10/1815;1008
802;01/11/1815;1281
803;01/12/1815;3960
804;01/01/1816;645
805;01/02/1816;4332
806;01/03/1816;4961
807;01/04/1816;3201
808;01/05/1816;1728
809;01/06/1816;1728
810;01/07/1816;1408
811;01/08/1816;456
812;01/09/1816;2133
813;01/10/1816;2883
814;01/11/1816;1365
815;01/12/1816;768
816;01/01/1817;1200
817;01/02/1817;3072
818;01/03/1817;8533
819;01/04/1817;675
820;01/05/1817;432
821;01/06/1817;1452
822;01/07/1817;2352
823;01/08/1817;1825
824;01/09/1817;1200
825;01/10/1817;616
826;01/11/1817;736
827;01/12/1817;736
828;01/01/1818;1083
829;01/02/1818;432
830;01/03/1818;588
831;01/04/1818;1121
832;01/05/1818;2640
833;01/06/1818;1160
834;01/07/1818;705
835;01/08/1818;901
836;01/09/1818;645
837;01/10/1818;901
838;01/11/1818;120
839;01/12/1818;616
840;01/01/1819;1008
841;01/02/1819;385
842;01/03/1819;8
843;01/04/1819;385
844;01/05/1819;363
845;01/06/1819;1121
846;01/07/1819;936
847;01/08/1819;645
848;01/09/1819;208
849;01/10/1819;675
850;01/11/1819;560
851;01/12/1819;833
852;01/01/1820;320
853;01/02/1820;616
854;01/03/1820;21
855;01/04/1820;320
856;01/05/1820;768
857;01/06/1820;108
858;01/07/1820;385
859;01/08/1820;588
860;01/09/1820;27
861;01/10/1820;65
862;01/11/1820;40
863;01/12/1820;85
864;01/01/1821;432
865;01/02/1821;16
866;01/03/1821;21
867;01/04/1821;65
868;01/05/1821;1
869;01/06/1821;3
870;01/07/1821;5
871;01/08/1821;21
872;01/09/1821;16
873;01/10/1821;320
874;01/11/1821;12
875;01/12/1821;0
876;01/01/1822;0
877;01/02/1822;0
878;01/03/1822;243
879;01/04/1822;133
880;01/05/1822;3
881;01/06/1822;27
882;01/07/1822;56
883;01/08/1822;5
884;01/09/1822;0
885;01/10/1822;0
886;01/11/1822;0
887;01/12/1822;0
888;01/01/1823;0
889;01/02/1823;0
890;01/03/1823;0
891;01/04/1823;0
892;01/05/1823;0
893;01/06/1823;0
894;01/07/1823;0
895;01/08/1823;0
896;01/09/1823;0
897;01/10/1823;0
898;01/11/1823;0
899;01/12/1823;363
900;01/01/1824;408
901;01/02/1824;85
902;01/03/1824;0
903;01/04/1824;320
904;01/05/1824;8
905;01/06/1824;0
906;01/07/1824;0
907;01/08/1824;0
908;01/09/1824;363
909;01/10/1824;588
910;01/11/1824;0
911;01/12/1824;1
912;01/01/1825;21
913;01/02/1825;225
914;01/03/1825;481
915;01/04/1825;8
916;01/05/1825;208
917;01/06/1825;225
918;01/07/1825;867
919;01/08/1825;588
920;01/09/1825;208
921;01/10/1825;192
922;01/11/1825;108
923;01/12/1825;432
924;01/01/1826;300
925;01/02/1826;300
926;01/03/1826;1200
927;01/04/1826;560
928;01/05/1826;936
929;01/06/1826;1240
930;01/07/1826;2465
931;01/08/1826;1452
932;01/09/1826;300
933;01/10/1826;2408
934;01/11/1826;1365
935;01/12/1826;4181
936;01/01/1827;1083
937;01/02/1827;2080
938;01/03/1827;3008
939;01/04/1827;1875
940;01/05/1827;3008
941;01/06/1827;2945
942;01/07/1827;1587
943;01/08/1827;2700
944;01/09/1827;2187
945;01/10/1827;2821
946;01/11/1827;2187
947;01/12/1827;1925
948;01/01/1828;2581
949;01/02/1828;3745
950;01/03/1828;3888
951;01/04/1828;3333
952;01/05/1828;7203
953;01/06/1828;8748
954;01/07/1828;2640
955;01/08/1828;5292
956;01/09/1828;2352
957;01/10/1828;2760
958;01/11/1828;3008
959;01/12/1828;2080
960;01/01/1829;1633
961;01/02/1829;2241
962;01/03/1829;4880
963;01/04/1829;8112
964;01/05/1829;4107
965;01/06/1829;4880
966;01/07/1829;7600
967;01/08/1829;5547
968;01/09/1829;2581
969;01/10/1829;3072
970;01/11/1829;4256
971;01/12/1829;2883
972;01/01/1830;2581
973;01/02/1830;4720
974;01/03/1830;6721
975;01/04/1830;10443
976;01/05/1830;4033
977;01/06/1830;3816
978;01/07/1830;1728
979;01/08/1830;2465
980;01/09/1830;3605
981;01/10/1830;6533
982;01/11/1830;6075
983;01/12/1830;6256
984;01/01/1831;2080
985;01/02/1831;2241
986;01/03/1831;8008
987;01/04/1831;2760
988;01/05/1831;1281
989;01/06/1831;972
990;01/07/1831;1825
991;01/08/1831;2821
992;01/09/1831;1323
993;01/10/1831;2028
994;01/11/1831;1776
995;01/12/1831;768
996;01/01/1832;833
997;01/02/1832;2883
998;01/03/1832;2821
999;01/04/1832;645
1000;01/05/1832;1541
1001;01/06/1832;675
1002;01/07/1832;176
1003;01/08/1832;65
1004;01/09/1832;65
1005;01/10/1832;363
1006;01/11/1832;192
1007;01/12/1832;675
1008;01/01/1833;108
1009;01/02/1833;208
1010;01/03/1833;120
1011;01/04/1833;8
1012;01/05/1833;161
1013;01/06/1833;0
1014;01/07/1833;33
1015;01/08/1833;33
1016;01/09/1833;108
1017;01/10/1833;56
1018;01/11/1833;27
1019;01/12/1833;96
1020;01/01/1834;16
1021;01/02/1834;320
1022;01/03/1834;16
1023;01/04/1834;1
1024;01/05/1834;75
1025;01/06/1834;48
1026;01/07/1834;75
1027;01/08/1834;12
1028;01/09/1834;120
1029;01/10/1834;588
1030;01/11/1834;867
1031;01/12/1834;1045
1032;01/01/1835;48
1033;01/02/1835;560
1034;01/03/1835;363
1035;01/04/1835;3400
1036;01/05/1835;1680
1037;01/06/1835;1008
1038;01/07/1835;3333
1039;01/08/1835;3267
1040;01/09/1835;9408
1041;01/10/1835;8321
1042;01/11/1835;9296
1043;01/12/1835;5547
1044;01/01/1836;7105
1045;01/02/1836;10680
1046;01/03/1836;8965
1047;01/04/1836;18723
1048;01/05/1836;11408
1049;01/06/1836;14283
1050;01/07/1836;12545
1051;01/08/1836;10800
1052;01/09/1836;8427
1053;01/10/1836;17633
1054;01/11/1836;13333
1055;01/12/1836;39216
1056;01/01/1837;32448
1057;01/02/1837;28421
1058;01/03/1837;16875
1059;01/04/1837;17328
1060;01/05/1837;11408
1061;01/06/1837;23056
1062;01/07/1837;24661
1063;01/08/1837;16725
1064;01/09/1837;8427
1065;01/10/1837;13872
1066;01/11/1837;10561
1067;01/12/1837;15552
1068;01/01/1838;19360
1069;01/02/1838;6721
1070;01/03/1838;18408
1071;01/04/1838;14840
1072;01/05/1838;17480
1073;01/06/1838;8216
1074;01/07/1838;10800
1075;01/08/1838;5547
1076;01/09/1838;4961
1077;01/10/1838;7500
1078;01/11/1838;5547
1079;01/12/1838;5720
1080;01/01/1839;10208
1081;01/02/1839;9520
1082;01/03/1839;5547
1083;01/04/1839;3536
1084;01/05/1839;2700
1085;01/06/1839;2700
1086;01/07/1839;6721
1087;01/08/1839;15987
1088;01/09/1839;16280
1089;01/10/1839;7701
1090;01/11/1839;4408
1091;01/12/1839;3745
1092;01/01/1840;5985
1093;01/02/1840;7105
1094;01/03/1840;4181
1095;01/04/1840;3960
1096;01/05/1840;4408
1097;01/06/1840;2241
1098;01/07/1840;3400
1099;01/08/1840;3072
1100;01/09/1840;5043
1101;01/10/1840;2760
1102;01/11/1840;2640
1103;01/12/1840;2700
1104;01/01/1841;533
1105;01/02/1841;833
1106;01/03/1841;800
1107;01/04/1841;1452
1108;01/05/1841;4256
1109;01/06/1841;2821
1110;01/07/1841;867
1111;01/08/1841;1365
1112;01/09/1841;1200
1113;01/10/1841;705
1114;01/11/1841;363
1115;01/12/1841;1323
1116;01/01/1842;385
1117;01/02/1842;408
1118;01/03/1842;385
1119;01/04/1842;645
1120;01/05/1842;533
1121;01/06/1842;385
1122;01/07/1842;120
1123;01/08/1842;675
1124;01/09/1842;320
1125;01/10/1842;1323
1126;01/11/1842;1452
1127;01/12/1842;280
1128;01/01/1843;147
1129;01/02/1843;12
1130;01/03/1843;56
1131;01/04/1843;65
1132;01/05/1843;385
1133;01/06/1843;85
1134;01/07/1843;85
1135;01/08/1843;120
1136;01/09/1843;12
1137;01/10/1843;27
1138;01/11/1843;341
1139;01/12/1843;133
1140;01/01/1844;65
1141;01/02/1844;192
1142;01/03/1844;176
1143;01/04/1844;385
1144;01/05/1844;108
1145;01/06/1844;16
1146;01/07/1844;408
1147;01/08/1844;533
1148;01/09/1844;40
1149;01/10/1844;408
1150;01/11/1844;120
1151;01/12/1844;432
1152;01/01/1845;616
1153;01/02/1845;1776
1154;01/03/1845;1728
1155;01/04/1845;2883
1156;01/05/1845;2080
1157;01/06/1845;901
1158;01/07/1845;833
1159;01/08/1845;972
1160;01/09/1845;800
1161;01/10/1845;1541
1162;01/11/1845;1408
1163;01/12/1845;3333
1164;01/01/1846;1365
1165;01/02/1846;2352
1166;01/03/1846;3745
1167;01/04/1846;4408
1168;01/05/1846;3333
1169;01/06/1846;3816
1170;01/07/1846;2028
1171;01/08/1846;2760
1172;01/09/1846;10561
1173;01/10/1846;2821
1174;01/11/1846;3267
1175;01/12/1846;4033
1176;01/01/1847;3675
1177;01/02/1847;1825
1178;01/03/1847;6912
1179;01/04/1847;1875
1180;01/05/1847;5125
1181;01/06/1847;6627
1182;01/07/1847;2523
1183;01/08/1847;18252
1184;01/09/1847;23763
1185;01/10/1847;30000
1186;01/11/1847;17787
1187;01/12/1847;11163
1188;01/01/1848;23056
1189;01/02/1848;11656
1190;01/03/1848;10800
1191;01/04/1848;10561
1192;01/05/1848;9520
1193;01/06/1848;15265
1194;01/07/1848;17633
1195;01/08/1848;16428
1196;01/09/1848;9296
1197;01/10/1848;16133
1198;01/11/1848;12160
1199;01/12/1848;23232
1200;01/01/1849;29800
1201;01/02/1849;20667
1202;01/03/1849;10920
1203;01/04/1849;12416
1204;01/05/1849;7803
1205;01/06/1849;7701
1206;01/07/1849;7203
1207;01/08/1849;5547
1208;01/09/1849;10443
1209;01/10/1849;6075
1210;01/11/1849;11781
1211;01/12/1849;11163
1212;01/01/1850;7400
1213;01/02/1850;9633
1214;01/03/1850;8216
1215;01/04/1850;2352
1216;01/05/1850;4485
1217;01/06/1850;5985
1218;01/07/1850;1825
1219;01/08/1850;4563
1220;01/09/1850;8965
1221;01/10/1850;5896
1222;01/11/1850;3605
1223;01/12/1850;4408
1224;01/01/1851;6721
1225;01/02/1851;13333
1226;01/03/1851;5043
1227;01/04/1851;3888
1228;01/05/1851;4641
1229;01/06/1851;4720
1230;01/07/1851;1587
1231;01/08/1851;4033
1232;01/09/1851;5376
1233;01/10/1851;4720
1234;01/11/1851;3008
1235;01/12/1851;6165
1236;01/01/1852;5720
1237;01/02/1852;5125
1238;01/03/1852;4408
1239;01/04/1852;5208
1240;01/05/1852;3605
1241;01/06/1852;2700
1242;01/07/1852;2133
1243;01/08/1852;1925
1244;01/09/1852;1680
1245;01/10/1852;5376
1246;01/11/1852;3400
1247;01/12/1852;2465
1248;01/01/1853;2080
1249;01/02/1853;2241
1250;01/03/1853;1680
1251;01/04/1853;2640
1252;01/05/1853;1365
1253;01/06/1853;1875
1254;01/07/1853;2465
1255;01/08/1853;2945
1256;01/09/1853;1365
1257;01/10/1853;2133
1258;01/11/1853;972
1259;01/12/1853;675
1260;01/01/1854;280
1261;01/02/1854;481
1262;01/03/1854;481
1263;01/04/1854;800
1264;01/05/1854;675
1265;01/06/1854;507
1266;01/07/1854;385
1267;01/08/1854;261
1268;01/09/1854;616
1269;01/10/1854;208
1270;01/11/1854;901
1271;01/12/1854;533
1272;01/01/1855;176
1273;01/02/1855;133
1274;01/03/1855;341
1275;01/04/1855;21
1276;01/05/1855;108
1277;01/06/1855;33
1278;01/07/1855;1
1279;01/08/1855;12
1280;01/09/1855;0
1281;01/10/1855;96
1282;01/11/1855;12
1283;01/12/1855;16
1284;01/01/1856;0
1285;01/02/1856;27
1286;01/03/1856;0
1287;01/04/1856;40
1288;01/05/1856;0
1289;01/06/1856;33
1290;01/07/1856;33
1291;01/08/1856;33
1292;01/09/1856;27
1293;01/10/1856;21
1294;01/11/1856;65
1295;01/12/1856;48
1296;01/01/1857;243
1297;01/02/1857;48
1298;01/03/1857;21
1299;01/04/1857;161
1300;01/05/1857;1008
1301;01/06/1857;320
1302;01/07/1857;616
1303;01/08/1857;363
1304;01/09/1857;2187
1305;01/10/1857;1976
1306;01/11/1857;1200
1307;01/12/1857;1728
1308;01/01/1858;1875
1309;01/02/1858;1408
1310;01/03/1858;4033
1311;01/04/1858;1680
1312;01/05/1858;2028
1313;01/06/1858;2408
1314;01/07/1858;3745
1315;01/08/1858;3675
1316;01/09/1858;7803
1317;01/10/1858;9861
1318;01/11/1858;3267
1319;01/12/1858;5376
1320;01/01/1859;8533
1321;01/02/1859;9296
1322;01/03/1859;9976
1323;01/04/1859;8640
1324;01/05/1859;9976
1325;01/06/1859;9075
1326;01/07/1859;10800
1327;01/08/1859;13736
1328;01/09/1859;13467
1329;01/10/1859;15696
1330;01/11/1859;11408
1331;01/12/1859;7905
1332;01/01/1860;8112
1333;01/02/1860;9408
1334;01/03/1860;11781
1335;01/04/1860;6075
1336;01/05/1860;13736
1337;01/06/1860;14283
1338;01/07/1860;16133
1339;01/08/1860;12160
1340;01/09/1860;10208
1341;01/10/1860;9520
1342;01/11/1860;11532
1343;01/12/1860;11041
1344;01/01/1861;4563
1345;01/02/1861;7105
1346;01/03/1861;12033
1347;01/04/1861;11656
1348;01/05/1861;3816
1349;01/06/1861;9520
1350;01/07/1861;7203
1351;01/08/1861;8008
1352;01/09/1861;7600
1353;01/10/1861;5376
1354;01/11/1861;3536
1355;01/12/1861;7803
1356;01/01/1862;4800
1357;01/02/1862;5043
1358;01/03/1862;2352
1359;01/04/1862;3536
1360;01/05/1862;4961
1361;01/06/1862;8427
1362;01/07/1862;6348
1363;01/08/1862;4720
1364;01/09/1862;5208
1365;01/10/1862;2080
1366;01/11/1862;3136
1367;01/12/1862;1925
1368;01/01/1863;2821
1369;01/02/1863;3888
1370;01/03/1863;5292
1371;01/04/1863;1976
1372;01/05/1863;3400
1373;01/06/1863;2080
1374;01/07/1863;1281
1375;01/08/1863;2760
1376;01/09/1863;560
1377;01/10/1863;1875
1378;01/11/1863;1728
1379;01/12/1863;1976
1380;01/01/1864;3960
1381;01/02/1864;2640
1382;01/03/1864;5208
1383;01/04/1864;1496
1384;01/05/1864;1925
1385;01/06/1864;3960
1386;01/07/1864;3536
1387;01/08/1864;3605
1388;01/09/1864;972
1389;01/10/1864;1323
1390;01/11/1864;3816
1391;01/12/1864;1008
1392;01/01/1865;2760
1393;01/02/1865;1925
1394;01/03/1865;1825
1395;01/04/1865;1045
1396;01/05/1865;1408
1397;01/06/1865;1323
1398;01/07/1865;867
1399;01/08/1865;1680
1400;01/09/1865;507
1401;01/10/1865;341
1402;01/11/1865;736
1403;01/12/1865;176
1404;01/01/1866;1240
1405;01/02/1866;1776
1406;01/03/1866;705
1407;01/04/1866;341
1408;01/05/1866;176
1409;01/06/1866;300
1410;01/07/1866;85
1411;01/08/1866;208
1412;01/09/1866;65
1413;01/10/1866;208
1414;01/11/1866;96
1415;01/12/1866;3
1416;01/01/1867;0
1417;01/02/1867;0
1418;01/03/1867;85
1419;01/04/1867;21
1420;01/05/1867;5
1421;01/06/1867;3
1422;01/07/1867;40
1423;01/08/1867;33
1424;01/09/1867;108
1425;01/10/1867;192
1426;01/11/1867;108
1427;01/12/1867;768
1428;01/01/1868;208
1429;01/02/1868;225
1430;01/03/1868;616
1431;01/04/1868;1200
1432;01/05/1868;675
1433;01/06/1868;867
1434;01/07/1868;800
1435;01/08/1868;1083
1436;01/09/1868;2028
1437;01/10/1868;3468
1438;01/11/1868;3201
1439;01/12/1868;4256
1440;01/01/1869;3333
1441;01/02/1869;3333
1442;01/03/1869;2465
1443;01/04/1869;1587
1444;01/05/1869;10092
1445;01/06/1869;10800
1446;01/07/1869;3201
1447;01/08/1869;5896
1448;01/09/1869;5896
1449;01/10/1869;3201
1450;01/11/1869;5547
1451;01/12/1869;10092
1452;01/01/1870;5376
1453;01/02/1870;12033
1454;01/03/1870;22881
1455;01/04/1870;23763
1456;01/05/1870;28812
1457;01/06/1870;17025
1458;01/07/1870;16428
1459;01/08/1870;21675
1460;01/09/1870;17328
1461;01/10/1870;20008
1462;01/11/1870;20172
1463;01/12/1870;15408
1464;01/01/1871;7105
1465;01/02/1871;14283
1466;01/03/1871;18881
1467;01/04/1871;24480
1468;01/05/1871;19845
1469;01/06/1871;7803
1470;01/07/1871;9861
1471;01/08/1871;11408
1472;01/09/1871;5808
1473;01/10/1871;7400
1474;01/11/1871;10325
1475;01/12/1871;7500
1476;01/01/1872;5720
1477;01/02/1872;13200
1478;01/03/1872;7301
1479;01/04/1872;9747
1480;01/05/1872;10680
1481;01/06/1872;11041
1482;01/07/1872;10208
1483;01/08/1872;8112
1484;01/09/1872;12288
1485;01/10/1872;9633
1486;01/11/1872;11656
1487;01/12/1872;6533
1488;01/01/1873;7008
1489;01/02/1873;10680
1490;01/03/1873;8965
1491;01/04/1873;5292
1492;01/05/1873;2080
1493;01/06/1873;1825
1494;01/07/1873;4181
1495;01/08/1873;4332
1496;01/09/1873;2028
1497;01/10/1873;2080
1498;01/11/1873;2883
1499;01/12/1873;2133
1500;01/01/1874;3400
1501;01/02/1874;3745
1502;01/03/1874;1925
1503;01/04/1874;936
1504;01/05/1874;1925
1505;01/06/1874;1323
1506;01/07/1874;4181
1507;01/08/1874;3468
1508;01/09/1874;705
1509;01/10/1874;1045
1510;01/11/1874;736
1511;01/12/1874;800
1512;01/01/1875;192
1513;01/02/1875;432
1514;01/03/1875;1045
1515;01/04/1875;800
1516;01/05/1875;120
1517;01/06/1875;560
1518;01/07/1875;161
1519;01/08/1875;176
1520;01/09/1875;3
1521;01/10/1875;147
1522;01/11/1875;300
1523;01/12/1875;85
1524;01/01/1876;161
1525;01/02/1876;225
1526;01/03/1876;867
1527;01/04/1876;3
1528;01/05/1876;21
1529;01/06/1876;0
1530;01/07/1876;225
1531;01/08/1876;75
1532;01/09/1876;96
1533;01/10/1876;161
1534;01/11/1876;96
1535;01/12/1876;56
1536;01/01/1877;533
1537;01/02/1877;75
1538;01/03/1877;133
1539;01/04/1877;243
1540;01/05/1877;456
1541;01/06/1877;176
1542;01/07/1877;33
1543;01/08/1877;40
1544;01/09/1877;280
1545;01/10/1877;40
1546;01/11/1877;176
1547;01/12/1877;3
1548;01/01/1878;12
1549;01/02/1878;33
1550;01/03/1878;65
1551;01/04/1878;0
1552;01/05/1878;33
1553;01/06/1878;40
1554;01/07/1878;0
1555;01/08/1878;0
1556;01/09/1878;21
1557;01/10/1878;3
1558;01/11/1878;16
1559;01/12/1878;1
1560;01/01/1879;1
1561;01/02/1879;0
1562;01/03/1879;0
1563;01/04/1879;33
1564;01/05/1879;1
1565;01/06/1879;27
1566;01/07/1879;56
1567;01/08/1879;85
1568;01/09/1879;27
1569;01/10/1879;147
1570;01/11/1879;133
1571;01/12/1879;48
1572;01/01/1880;560
1573;01/02/1880;705
1574;01/03/1880;300
1575;01/04/1880;341
1576;01/05/1880;456
1577;01/06/1880;1045
1578;01/07/1880;456
1579;01/08/1880;2080
1580;01/09/1880;3960
1581;01/10/1880;1728
1582;01/11/1880;901
1583;01/12/1880;768
1584;01/01/1881;1281
1585;01/02/1881;2523
1586;01/03/1881;2523
1587;01/04/1881;2523
1588;01/05/1881;1776
1589;01/06/1881;3400
1590;01/07/1881;5547
1591;01/08/1881;3136
1592;01/09/1881;2640
1593;01/10/1881;3816
1594;01/11/1881;2821
1595;01/12/1881;2080
1596;01/01/1882;1875
1597;01/02/1882;4332
1598;01/03/1882;4033
1599;01/04/1882;8640
1600;01/05/1882;3816
1601;01/06/1882;1825
1602;01/07/1882;1875
1603;01/08/1882;1541
1604;01/09/1882;3072
1605;01/10/1882;3267
1606;01/11/1882;6440
1607;01/12/1882;1541
1608;01/01/1883;3333
1609;01/02/1883;2028
1610;01/03/1883;1680
1611;01/04/1883;6075
1612;01/05/1883;867
1613;01/06/1883;5376
1614;01/07/1883;5896
1615;01/08/1883;1976
1616;01/09/1883;2581
1617;01/10/1883;6440
1618;01/11/1883;6533
1619;01/12/1883;5292
1620;01/01/1884;7803
1621;01/02/1884;6816
1622;01/03/1884;7105
1623;01/04/1884;5376
1624;01/05/1884;4033
1625;01/06/1884;2408
1626;01/07/1884;2523
1627;01/08/1884;2821
1628;01/09/1884;3400
1629;01/10/1884;2028
1630;01/11/1884;1200
1631;01/12/1884;2028
1632;01/01/1885;1680
1633;01/02/1885;4800
1634;01/03/1885;2241
1635;01/04/1885;2700
1636;01/05/1885;4880
1637;01/06/1885;6533
1638;01/07/1885;4033
1639;01/08/1885;2241
1640;01/09/1885;1408
1641;01/10/1885;1365
1642;01/11/1885;901
1643;01/12/1885;432
1644;01/01/1886;800
1645;01/02/1886;588
1646;01/03/1886;2945
1647;01/04/1886;1728
1648;01/05/1886;901
1649;01/06/1886;705
1650;01/07/1886;833
1651;01/08/1886;243
1652;01/09/1886;408
1653;01/10/1886;56
1654;01/11/1886;0
1655;01/12/1886;161
1656;01/01/1887;85
1657;01/02/1887;133
1658;01/03/1887;12
1659;01/04/1887;48
1660;01/05/1887;385
1661;01/06/1887;208
1662;01/07/1887;507
1663;01/08/1887;408
1664;01/09/1887;48
1665;01/10/1887;40
1666;01/11/1887;40
1667;01/12/1887;363
1668;01/01/1888;133
1669;01/02/1888;40
1670;01/03/1888;48
1671;01/04/1888;27
1672;01/05/1888;40
1673;01/06/1888;48
1674;01/07/1888;12
1675;01/08/1888;12
1676;01/09/1888;56
1677;01/10/1888;1
1678;01/11/1888;120
1679;01/12/1888;48
1680;01/01/1889;0
1681;01/02/1889;75
1682;01/03/1889;48
1683;01/04/1889;12
1684;01/05/1889;5
1685;01/06/1889;40
1686;01/07/1889;85
1687;01/08/1889;408
1688;01/09/1889;40
1689;01/10/1889;3
1690;01/11/1889;0
1691;01/12/1889;40
1692;01/01/1890;27
1693;01/02/1890;0
1694;01/03/1890;21
1695;01/04/1890;1
1696;01/05/1890;21
1697;01/06/1890;0
1698;01/07/1890;133
1699;01/08/1890;75
1700;01/09/1890;261
1701;01/10/1890;96
1702;01/11/1890;75
1703;01/12/1890;48
1704;01/01/1891;176
1705;01/02/1891;456
1706;01/03/1891;96
1707;01/04/1891;363
1708;01/05/1891;1541
1709;01/06/1891;2080
1710;01/07/1891;3136
1711;01/08/1891;1008
1712;01/09/1891;2700
1713;01/10/1891;2465
1714;01/11/1891;1541
1715;01/12/1891;936
1716;01/01/1892;4332
1717;01/02/1892;5292
1718;01/03/1892;2352
1719;01/04/1892;4332
1720;01/05/1892;5720
1721;01/06/1892;5376
1722;01/07/1892;5376
1723;01/08/1892;9408
1724;01/09/1892;3605
1725;01/10/1892;4641
1726;01/11/1892;3816
1727;01/12/1892;5808
1728;01/01/1893;5208
1729;01/02/1893;4800
1730;01/03/1893;3960
1731;01/04/1893;7203
1732;01/05/1893;6533
1733;01/06/1893;7500
1734;01/07/1893;7203
1735;01/08/1893;15408
1736;01/09/1893;5633
1737;01/10/1893;5808
1738;01/11/1893;5125
1739;01/12/1893;8216
1740;01/01/1894;6440
1741;01/02/1894;6627
1742;01/03/1894;2523
1743;01/04/1894;5985
1744;01/05/1894;9520
1745;01/06/1894;9185
1746;01/07/1894;10325
1747;01/08/1894;4563
1748;01/09/1894;4107
1749;01/10/1894;5125
1750;01/11/1894;3008
1751;01/12/1894;3400
1752;01/01/1895;3605
1753;01/02/1895;4107
1754;01/03/1895;3333
1755;01/04/1895;5547
1756;01/05/1895;4256
1757;01/06/1895;4720
1758;01/07/1895;2187
1759;01/08/1895;4408
1760;01/09/1895;2945
1761;01/10/1895;4332
1762;01/11/1895;2080
1763;01/12/1895;4563
1764;01/01/1896;736
1765;01/02/1896;2945
1766;01/03/1896;2465
1767;01/04/1896;1728
1768;01/05/1896;675
1769;01/06/1896;2296
1770;01/07/1896;1825
1771;01/08/1896;675
1772;01/09/1896;3536
1773;01/10/1896;705
1774;01/11/1896;1281
1775;01/12/1896;1680
1776;01/01/1897;1541
1777;01/02/1897;833
1778;01/03/1897;768
1779;01/04/1897;901
1780;01/05/1897;341
1781;01/06/1897;120
1782;01/07/1897;675
1783;01/08/1897;432
1784;01/09/1897;2187
1785;01/10/1897;176
1786;01/11/1897;65
1787;01/12/1897;972
1788;01/01/1898;800
1789;01/02/1898;1200
1790;01/03/1898;1323
1791;01/04/1898;208
1792;01/05/1898;645
1793;01/06/1898;481
1794;01/07/1898;75
1795;01/08/1898;936
1796;01/09/1898;1121
1797;01/10/1898;1083
1798;01/11/1898;833
1799;01/12/1898;161
1800;01/01/1899;320
1801;01/02/1899;65
1802;01/03/1899;280
1803;01/04/1899;176
1804;01/05/1899;40
1805;01/06/1899;385
1806;01/07/1899;176
1807;01/08/1899;3
1808;01/09/1899;56
1809;01/10/1899;161
1810;01/11/1899;48
1811;01/12/1899;85
1812;01/01/1900;96
1813;01/02/1900;176
1814;01/03/1900;75
1815;01/04/1900;225
1816;01/05/1900;192
1817;01/06/1900;120
1818;01/07/1900;75
1819;01/08/1900;8
1820;01/09/1900;75
1821;01/10/1900;133
1822;01/11/1900;12
1823;01/12/1900;1
1824;01/01/1901;0
1825;01/02/1901;3
1826;01/03/1901;21
1827;01/04/1901;0
1828;01/05/1901;85
1829;01/06/1901;27
1830;01/07/1901;1
1831;01/08/1901;0
1832;01/09/1901;0
1833;01/10/1901;16
1834;01/11/1901;12
1835;01/12/1901;0
1836;01/01/1902;33
1837;01/02/1902;0
1838;01/03/1902;120
1839;01/04/1902;0
1840;01/05/1902;3
1841;01/06/1902;1
1842;01/07/1902;0
1843;01/08/1902;3
1844;01/09/1902;40
1845;01/10/1902;243
1846;01/11/1902;85
1847;01/12/1902;1
1848;01/01/1903;56
1849;01/02/1903;261
1850;01/03/1903;161
1851;01/04/1903;588
1852;01/05/1903;176
1853;01/06/1903;261
1854;01/07/1903;736
1855;01/08/1903;768
1856;01/09/1903;108
1857;01/10/1903;1323
1858;01/11/1903;1875
1859;01/12/1903;1925
1860;01/01/1904;936
1861;01/02/1904;560
1862;01/03/1904;1240
1863;01/04/1904;1633
1864;01/05/1904;1365
1865;01/06/1904;1587
1866;01/07/1904;2408
1867;01/08/1904;3008
1868;01/09/1904;800
1869;01/10/1904;2700
1870;01/11/1904;1323
1871;01/12/1904;2760
1872;01/01/1905;2760
1873;01/02/1905;6816
1874;01/03/1905;2945
1875;01/04/1905;1496
1876;01/05/1905;2080
1877;01/06/1905;2187
1878;01/07/1905;4800
1879;01/08/1905;3136
1880;01/09/1905;2700
1881;01/10/1905;5720
1882;01/11/1905;10443
1883;01/12/1905;2821
1884;01/01/1906;1875
1885;01/02/1906;901
1886;01/03/1906;3816
1887;01/04/1906;2883
1888;01/05/1906;3136
1889;01/06/1906;3605
1890;01/07/1906;9861
1891;01/08/1906;2028
1892;01/09/1906;2945
1893;01/10/1906;261
1894;01/11/1906;1323
1895;01/12/1906;3816
1896;01/01/1907;5292
1897;01/02/1907;10680
1898;01/03/1907;3333
1899;01/04/1907;2465
1900;01/05/1907;1728
1901;01/06/1907;1496
1902;01/07/1907;2352
1903;01/08/1907;2700
1904;01/09/1907;6533
1905;01/10/1907;3888
1906;01/11/1907;3536
1907;01/12/1907;2080
1908;01/01/1908;1408
1909;01/02/1908;1045
1910;01/03/1908;736
1911;01/04/1908;3008
1912;01/05/1908;1452
1913;01/06/1908;2133
1914;01/07/1908;1452
1915;01/08/1908;7701
1916;01/09/1908;7008
1917;01/10/1908;972
1918;01/11/1908;1925
1919;01/12/1908;1408
1920;01/01/1909;3008
1921;01/02/1909;1925
1922;01/03/1909;3960
1923;01/04/1909;901
1924;01/05/1909;1200
1925;01/06/1909;456
1926;01/07/1909;1160
1927;01/08/1909;456
1928;01/09/1909;1323
1929;01/10/1909;3072
1930;01/11/1909;2883
1931;01/12/1909;2700
1932;01/01/1910;645
1933;01/02/1910;936
1934;01/03/1910;385
1935;01/04/1910;65
1936;01/05/1910;456
1937;01/06/1910;120
1938;01/07/1910;161
1939;01/08/1910;120
1940;01/09/1910;616
1941;01/10/1910;1408
1942;01/11/1910;16
1943;01/12/1910;21
1944;01/01/1911;5
1945;01/02/1911;56
1946;01/03/1911;48
1947;01/04/1911;243
1948;01/05/1911;85
1949;01/06/1911;3
1950;01/07/1911;16
1951;01/08/1911;8
1952;01/09/1911;16
1953;01/10/1911;8
1954;01/11/1911;21
1955;01/12/1911;8
1956;01/01/1912;0
1957;01/02/1912;0
1958;01/03/1912;27
1959;01/04/1912;16
1960;01/05/1912;16
1961;01/06/1912;8
1962;01/07/1912;12
1963;01/08/1912;0
1964;01/09/1912;75
1965;01/10/1912;12
1966;01/11/1912;3
1967;01/12/1912;33
1968;01/01/1913;3
1969;01/02/1913;8
1970;01/03/1913;0
1971;01/04/1913;0
1972;01/05/1913;0
1973;01/06/1913;0
1974;01/07/1913;3
1975;01/08/1913;0
1976;01/09/1913;1
1977;01/10/1913;8
1978;01/11/1913;0
1979;01/12/1913;8
1980;01/01/1914;3
1981;01/02/1914;8
1982;01/03/1914;12
1983;01/04/1914;243
1984;01/05/1914;27
1985;01/06/1914;108
1986;01/07/1914;33
1987;01/08/1914;56
1988;01/09/1914;133
1989;01/10/1914;56
1990;01/11/1914;243
1991;01/12/1914;432
1992;01/01/1915;456
1993;01/02/1915;1680
1994;01/03/1915;1365
1995;01/04/1915;1633
1996;01/05/1915;972
1997;01/06/1915;4332
1998;01/07/1915;4800
1999;01/08/1915;4563
2000;01/09/1915;2187
2001;01/10/1915;2581
2002;01/11/1915;1587
2003;01/12/1915;1045
2004;01/01/1916;1875
2005;01/02/1916;2883
2006;01/03/1916;4181
2007;01/04/1916;4800
2008;01/05/1916;5043
2009;01/06/1916;4181
2010;01/07/1916;2640
2011;01/08/1916;1200
2012;01/09/1916;1825
2013;01/10/1916;2296
2014;01/11/1916;4033
2015;01/12/1916;2581
2016;01/01/1917;5208
2017;01/02/1917;4641
2018;01/03/1917;8321
2019;01/04/1917;5043
2020;01/05/1917;11907
2021;01/06/1917;12160
2022;01/07/1917;13200
2023;01/08/1917;21845
2024;01/09/1917;15552
2025;01/10/1917;4880
2026;01/11/1917;8533
2027;01/12/1917;15552
2028;01/01/1918;8533
2029;01/02/1918;3888
2030;01/03/1918;4720
2031;01/04/1918;6075
2032;01/05/1918;5547
2033;01/06/1918;3333
2034;01/07/1918;10561
2035;01/08/1918;9520
2036;01/09/1918;5808
2037;01/10/1918;6721
2038;01/11/1918;6440
2039;01/12/1918;3201
2040;01/01/1919;2133
2041;01/02/1919;5896
2042;01/03/1919;3960
2043;01/04/1919;2408
2044;01/05/1919;7203
2045;01/06/1919;11532
2046;01/07/1919;3816
2047;01/08/1919;4332
2048;01/09/1919;2760
2049;01/10/1919;2581
2050;01/11/1919;1633
2051;01/12/1919;1045
2052;01/01/1920;2465
2053;01/02/1920;2640
2054;01/03/1920;4408
2055;01/04/1920;192
2056;01/05/1920;1008
2057;01/06/1920;1408
2058;01/07/1920;705
2059;01/08/1920;363
2060;01/09/1920;1200
2061;01/10/1920;2187
2062;01/11/1920;705
2063;01/12/1920;867
2064;01/01/1921;867
2065;01/02/1921;768
2066;01/03/1921;645
2067;01/04/1921;972
2068;01/05/1921;481
2069;01/06/1921;1008
2070;01/07/1921;1633
2071;01/08/1921;481
2072;01/09/1921;261
2073;01/10/1921;320
2074;01/11/1921;280
2075;01/12/1921;341
2076;01/01/1922;120
2077;01/02/1922;616
2078;01/03/1922;2700
2079;01/04/1922;108
2080;01/05/1922;65
2081;01/06/1922;27
2082;01/07/1922;96
2083;01/08/1922;33
2084;01/09/1922;21
2085;01/10/1922;40
2086;01/11/1922;56
2087;01/12/1922;300
2088;01/01/1923;16
2089;01/02/1923;0
2090;01/03/1923;12
2091;01/04/1923;27
2092;01/05/1923;3
2093;01/06/1923;65
2094;01/07/1923;12
2095;01/08/1923;1
2096;01/09/1923;176
2097;01/10/1923;133
2098;01/11/1923;96
2099;01/12/1923;3
2100;01/01/1924;0
2101;01/02/1924;27
2102;01/03/1924;1
2103;01/04/1924;133
2104;01/05/1924;408
2105;01/06/1924;507
2106;01/07/1924;736
2107;01/08/1924;300
2108;01/09/1924;588
2109;01/10/1924;588
2110;01/11/1924;432
2111;01/12/1924;243
2112;01/01/1925;27
2113;01/02/1925;456
2114;01/03/1925;320
2115;01/04/1925;936
2116;01/05/1925;1728
2117;01/06/1925;2028
2118;01/07/1925;1408
2119;01/08/1925;1323
2120;01/09/1925;3201
2121;01/10/1925;4332
2122;01/11/1925;3072
2123;01/12/1925;8856
2124;01/01/1926;4720
2125;01/02/1926;4563
2126;01/03/1926;3605
2127;01/04/1926;1365
2128;01/05/1926;3675
2129;01/06/1926;4961
2130;01/07/1926;2465
2131;01/08/1926;3400
2132;01/09/1926;3333
2133;01/10/1926;4641
2134;01/11/1926;3267
2135;01/12/1926;5720
2136;01/01/1927;6075
2137;01/02/1927;8008
2138;01/03/1927;4408
2139;01/04/1927;8008
2140;01/05/1927;5720
2141;01/06/1927;3267
2142;01/07/1927;2760
2143;01/08/1927;2640
2144;01/09/1927;4256
2145;01/10/1927;3605
2146;01/11/1927;4107
2147;01/12/1927;1875
2148;01/01/1928;6348
2149;01/02/1928;5043
2150;01/03/1928;6627
2151;01/04/1928;5985
2152;01/05/1928;5376
2153;01/06/1928;7701
2154;01/07/1928;8856
2155;01/08/1928;6533
2156;01/09/1928;7301
2157;01/10/1928;3468
2158;01/11/1928;2241
2159;01/12/1928;3136
2160;01/01/1929;4408
2161;01/02/1929;3605
2162;01/03/1929;2241
2163;01/04/1929;2581
2164;01/05/1929;3136
2165;01/06/1929;4880
2166;01/07/1929;4641
2167;01/08/1929;3960
2168;01/09/1929;1121
2169;01/10/1929;2640
2170;01/11/1929;6075
2171;01/12/1929;10800
2172;01/01/1930;3960
2173;01/02/1930;2352
2174;01/03/1930;1083
2175;01/04/1930;1323
2176;01/05/1930;1200
2177;01/06/1930;705
2178;01/07/1930;408
2179;01/08/1930;533
2180;01/09/1930;936
2181;01/10/1930;1083
2182;01/11/1930;1121
2183;01/12/1930;588
2184;01/01/1931;192
2185;01/02/1931;1680
2186;01/03/1931;867
2187;01/04/1931;901
2188;01/05/1931;560
2189;01/06/1931;192
2190;01/07/1931;280
2191;01/08/1931;161
2192;01/09/1931;320
2193;01/10/1931;96
2194;01/11/1931;320
2195;01/12/1931;280
2196;01/01/1932;133
2197;01/02/1932;85
2198;01/03/1932;108
2199;01/04/1932;120
2200;01/05/1932;280
2201;01/06/1932;408
2202;01/07/1932;85
2203;01/08/1932;40
2204;01/09/1932;12
2205;01/10/1932;75
2206;01/11/1932;56
2207;01/12/1932;120
2208;01/01/1933;147
2209;01/02/1933;432
2210;01/03/1933;75
2211;01/04/1933;5
2212;01/05/1933;12
2213;01/06/1933;27
2214;01/07/1933;8
2215;01/08/1933;0
2216;01/09/1933;16
2217;01/10/1933;3
2218;01/11/1933;0
2219;01/12/1933;0
2220;01/01/1934;8
2221;01/02/1934;56
2222;01/03/1934;21
2223;01/04/1934;120
2224;01/05/1934;385
2225;01/06/1934;33
2226;01/07/1934;75
2227;01/08/1934;48
2228;01/09/1934;12
2229;01/10/1934;21
2230;01/11/1934;75
2231;01/12/1934;225
2232;01/01/1935;300
2233;01/02/1935;341
2234;01/03/1935;456
2235;01/04/1935;133
2236;01/05/1935;645
2237;01/06/1935;1925
2238;01/07/1935;1008
2239;01/08/1935;800
2240;01/09/1935;1633
2241;01/10/1935;2523
2242;01/11/1935;3816
2243;01/12/1935;3468
2244;01/01/1936;3536
2245;01/02/1936;5125
2246;01/03/1936;5547
2247;01/04/1936;5043
2248;01/05/1936;2700
2249;01/06/1936;4563
2250;01/07/1936;2523
2251;01/08/1936;7105
2252;01/09/1936;5208
2253;01/10/1936;7203
2254;01/11/1936;12416
2255;01/12/1936;14008
2256;01/01/1937;16280
2257;01/02/1937;15265
2258;01/03/1937;6348
2259;01/04/1937;10920
2260;01/05/1937;12675
2261;01/06/1937;15408
2262;01/07/1937;19360
2263;01/08/1937;17633
2264;01/09/1937;9296
2265;01/10/1937;14283
2266;01/11/1937;5125
2267;01/12/1937;7203
2268;01/01/1938;8748
2269;01/02/1938;12936
2270;01/03/1938;6912
2271;01/04/1938;9520
2272;01/05/1938;14840
2273;01/06/1938;8640
2274;01/07/1938;25392
2275;01/08/1938;12160
2276;01/09/1938;7301
2277;01/10/1938;9075
2278;01/11/1938;13601
2279;01/12/1938;8008
2280;01/01/1939;5985
2281;01/02/1939;5547
2282;01/03/1939;3888
2283;01/04/1939;11041
2284;01/05/1939;12936
2285;01/06/1939;9520
2286;01/07/1939;8856
2287;01/08/1939;10325
2288;01/09/1939;11656
2289;01/10/1939;7203
2290;01/11/1939;4181
2291;01/12/1939;1633
2292;01/01/1940;2241
2293;01/02/1940;3333
2294;01/03/1940;6440
2295;01/04/1940;3333
2296;01/05/1940;2760
2297;01/06/1940;6533
2298;01/07/1940;4256
2299;01/08/1940;10325
2300;01/09/1940;4107
2301;01/10/1940;2700
2302;01/11/1940;3136
2303;01/12/1940;4332
2304;01/01/1941;1925
2305;01/02/1941;1875
2306;01/03/1941;2028
2307;01/04/1941;936
2308;01/05/1941;800
2309;01/06/1941;3267
2310;01/07/1941;4033
2311;01/08/1941;3267
2312;01/09/1941;3960
2313;01/10/1941;1925
2314;01/11/1941;1323
2315;01/12/1941;1083
2316;01/01/1942;1200
2317;01/02/1942;2523
2318;01/03/1942;2640
2319;01/04/1942;3333
2320;01/05/1942;560
2321;01/06/1942;108
2322;01/07/1942;280
2323;01/08/1942;363
2324;01/09/1942;280
2325;01/10/1942;363
2326;01/11/1942;867
2327;01/12/1942;456
2328;01/01/1943;120
2329;01/02/1943;736
2330;01/03/1943;675
2331;01/04/1943;588
2332;01/05/1943;176
2333;01/06/1943;48
2334;01/07/1943;161
2335;01/08/1943;363
2336;01/09/1943;75
2337;01/10/1943;56
2338;01/11/1943;96
2339;01/12/1943;341
2340;01/01/1944;8
2341;01/02/1944;0
2342;01/03/1944;120
2343;01/04/1944;0
2344;01/05/1944;8
2345;01/06/1944;27
2346;01/07/1944;21
2347;01/08/1944;280
2348;01/09/1944;192
2349;01/10/1944;243
2350;01/11/1944;96
2351;01/12/1944;768
2352;01/01/1945;320
2353;01/02/1945;133
2354;01/03/1945;408
2355;01/04/1945;972
2356;01/05/1945;867
2357;01/06/1945;1160
2358;01/07/1945;1633
2359;01/08/1945;616
2360;01/09/1945;1160
2361;01/10/1945;4332
2362;01/11/1945;1976
2363;01/12/1945;675
2364;01/01/1946;2080
2365;01/02/1946;6721
2366;01/03/1946;5376
2367;01/04/1946;5208
2368;01/05/1946;6627
2369;01/06/1946;5043
2370;01/07/1946;12416
2371;01/08/1946;10443
2372;01/09/1946;8321
2373;01/10/1946;9520
2374;01/11/1946;14145
2375;01/12/1946;13601
2376;01/01/1947;8965
2377;01/02/1947;11656
2378;01/03/1947;11285
2379;01/04/1947;14981
2380;01/05/1947;27075
2381;01/06/1947;17941
2382;01/07/1947;16725
2383;01/08/1947;23763
2384;01/09/1947;19040
2385;01/10/1947;18096
2386;01/11/1947;11041
2387;01/12/1947;9075
2388;01/01/1948;7701
2389;01/02/1948;4880
2390;01/03/1948;5985
2391;01/04/1948;23941
2392;01/05/1948;20172
2393;01/06/1948;18565
2394;01/07/1948;13467
2395;01/08/1948;16576
2396;01/09/1948;13736
2397;01/10/1948;12288
2398;01/11/1948;6256
2399;01/12/1948;12675
2400;01/01/1949;9520
2401;01/02/1949;22188
2402;01/03/1949;16576
2403;01/04/1949;14560
2404;01/05/1949;7600
2405;01/06/1949;9976
2406;01/07/1949;10325
2407;01/08/1949;10325
2408;01/09/1949;14145
2409;01/10/1949;11656
2410;01/11/1949;13601
2411;01/12/1949;9075
2412;01/01/1950;7008
2413;01/02/1950;6075
2414;01/03/1950;7905
2415;01/04/1950;8533
2416;01/05/1950;7600
2417;01/06/1950;4720
2418;01/07/1950;5547
2419;01/08/1950;4880
2420;01/09/1950;1728
2421;01/10/1950;2523
2422;01/11/1950;1976
2423;01/12/1950;1925
2424;01/01/1951;2352
2425;01/02/1951;2352
2426;01/03/1951;2133
2427;01/04/1951;5633
2428;01/05/1951;7905
2429;01/06/1951;6721
2430;01/07/1951;2581
2431;01/08/1951;2408
2432;01/09/1951;4485
2433;01/10/1951;1825
2434;01/11/1951;1776
2435;01/12/1951;1408
2436;01/01/1952;1160
2437;01/02/1952;320
2438;01/03/1952;341
2439;01/04/1952;588
2440;01/05/1952;385
2441;01/06/1952;901
2442;01/07/1952;1045
2443;01/08/1952;1976
2444;01/09/1952;507
2445;01/10/1952;385
2446;01/11/1952;320
2447;01/12/1952;800
2448;01/01/1953;456
2449;01/02/1953;12
2450;01/03/1953;65
2451;01/04/1953;533
2452;01/05/1953;85
2453;01/06/1953;341
2454;01/07/1953;48
2455;01/08/1953;341
2456;01/09/1953;243
2457;01/10/1953;48
2458;01/11/1953;3
2459;01/12/1953;8
2460;01/01/1954;0
2461;01/02/1954;1
2462;01/03/1954;85
2463;01/04/1954;0
2464;01/05/1954;0
2465;01/06/1954;0
2466;01/07/1954;8
2467;01/08/1954;56
2468;01/09/1954;0
2469;01/10/1954;33
2470;01/11/1954;48
2471;01/12/1954;27
2472;01/01/1955;385
2473;01/02/1955;280
2474;01/03/1955;12
2475;01/04/1955;75
2476;01/05/1955;588
2477;01/06/1955;645
2478;01/07/1955;456
2479;01/08/1955;1083
2480;01/09/1955;1200
2481;01/10/1955;2296
2482;01/11/1955;5208
2483;01/12/1955;4033
2484;01/01/1956;3468
2485;01/02/1956;10325
2486;01/03/1956;9296
2487;01/04/1956;8216
2488;01/05/1956;12545
2489;01/06/1956;9075
2490;01/07/1956;11041
2491;01/08/1956;19200
2492;01/09/1956;20172
2493;01/10/1956;15987
2494;01/11/1956;27075
2495;01/12/1956;24661
2496;01/01/1957;18252
2497;01/02/1957;11532
2498;01/03/1957;16428
2499;01/04/1957;20172
2500;01/05/1957;18096
2501;01/06/1957;26885
2502;01/07/1957;23056
2503;01/08/1957;16725
2504;01/09/1957;37185
2505;01/10/1957;43200
2506;01/11/1957;29800
2507;01/12/1957;38307
2508;01/01/1958;27075
2509;01/02/1958;18096
2510;01/03/1958;24480
2511;01/04/1958;25761
2512;01/05/1958;20336
2513;01/06/1958;19521
2514;01/07/1958;24300
2515;01/08/1958;26508
2516;01/09/1958;26885
2517;01/10/1958;22016
2518;01/11/1958;15552
2519;01/12/1958;23408
2520;01/01/1959;31212
2521;01/02/1959;13736
2522;01/03/1959;22881
2523;01/04/1959;17633
2524;01/05/1959;19521
2525;01/06/1959;19040
2526;01/07/1959;14840
2527;01/08/1959;26508
2528;01/09/1959;14145
2529;01/10/1959;8427
2530;01/11/1959;10208
2531;01/12/1959;10443
2532;01/01/1960;14145
2533;01/02/1960;7600
2534;01/03/1960;6816
2535;01/04/1960;9861
2536;01/05/1960;9408
2537;01/06/1960;8216
2538;01/07/1960;9861
2539;01/08/1960;11907
2540;01/09/1960;10800
2541;01/10/1960;4485
2542;01/11/1960;5292
2543;01/12/1960;4880
2544;01/01/1961;2241
2545;01/02/1961;1408
2546;01/03/1961;1925
2547;01/04/1961;2523
2548;01/05/1961;1728
2549;01/06/1961;3960
2550;01/07/1961;3267
2551;01/08/1961;2028
2552;01/09/1961;2700
2553;01/10/1961;901
2554;01/11/1961;705
2555;01/12/1961;1045
2556;01/01/1962;1045
2557;01/02/1962;1680
2558;01/03/1962;1323
2559;01/04/1962;1452
2560;01/05/1962;1281
2561;01/06/1962;1200
2562;01/07/1962;320
2563;01/08/1962;341
2564;01/09/1962;1680
2565;01/10/1962;1045
2566;01/11/1962;507
2567;01/12/1962;385
2568;01/01/1963;280
2569;01/02/1963;408
2570;01/03/1963;176
2571;01/04/1963;560
2572;01/05/1963;1200
2573;01/06/1963;833
2574;01/07/1963;280
2575;01/08/1963;736
2576;01/09/1963;972
2577;01/10/1963;800
2578;01/11/1963;363
2579;01/12/1963;133
2580;01/01/1964;161
2581;01/02/1964;225
2582;01/03/1964;192
2583;01/04/1964;56
2584;01/05/1964;56
2585;01/06/1964;48
2586;01/07/1964;12
2587;01/08/1964;56
2588;01/09/1964;12
2589;01/10/1964;27
2590;01/11/1964;40
2591;01/12/1964;161
2592;01/01/1965;192
2593;01/02/1965;120
2594;01/03/1965;108
2595;01/04/1965;27
2596;01/05/1965;385
2597;01/06/1965;161
2598;01/07/1965;75
2599;01/08/1965;56
2600;01/09/1965;192
2601;01/10/1965;280
2602;01/11/1965;147
2603;01/12/1965;176
2604;01/01/1966;533
2605;01/02/1966;432
2606;01/03/1966;408
2607;01/04/1966;1633
2608;01/05/1966;1365
2609;01/06/1966;1587
2610;01/07/1966;2080
2611;01/08/1966;1728
2612;01/09/1966;1633
2613;01/10/1966;2187
2614;01/11/1966;2133
2615;01/12/1966;3267
2616;01/01/1967;8112
2617;01/02/1967;5720
2618;01/03/1967;8321
2619;01/04/1967;3267
2620;01/05/1967;5043
2621;01/06/1967;3072
2622;01/07/1967;5547
2623;01/08/1967;7500
2624;01/09/1967;4033
2625;01/10/1967;5208
2626;01/11/1967;5808
2627;01/12/1967;10561
2628;01/01/1968;9747
2629;01/02/1968;8427
2630;01/03/1968;5633
2631;01/04/1968;4256
2632;01/05/1968;10920
2633;01/06/1968;8112
2634;01/07/1968;5985
2635;01/08/1968;7803
2636;01/09/1968;9296
2637;01/10/1968;7600
2638;01/11/1968;4961
2639;01/12/1968;8008
2640;01/01/1969;7105
2641;01/02/1969;9633
2642;01/03/1969;12416
2643;01/04/1969;7600
2644;01/05/1969;9520
2645;01/06/1969;7400
2646;01/07/1969;6165
2647;01/08/1969;6256
2648;01/09/1969;5547
2649;01/10/1969;6075
2650;01/11/1969;5720
2651;01/12/1969;6256
2652;01/01/1970;8216
2653;01/02/1970;11041
2654;01/03/1970;7105
2655;01/04/1970;7803
2656;01/05/1970;10800
2657;01/06/1970;7600
2658;01/07/1970;8533
2659;01/08/1970;5720
2660;01/09/1970;6627
2661;01/10/1970;4880
2662;01/11/1970;6075
2663;01/12/1970;4563
2664;01/01/1971;5547
2665;01/02/1971;4181
2666;01/03/1971;2408
2667;01/04/1971;3333
2668;01/05/1971;2241
2669;01/06/1971;1680
2670;01/07/1971;4256
2671;01/08/1971;2523
2672;01/09/1971;1728
2673;01/10/1971;1825
2674;01/11/1971;2640
2675;01/12/1971;4563
2676;01/01/1972;2581
2677;01/02/1972;5208
2678;01/03/1972;4181
2679;01/04/1972;2700
2680;01/05/1972;4256
2681;01/06/1972;5125
2682;01/07/1972;3888
2683;01/08/1972;3960
2684;01/09/1972;2821
2685;01/10/1972;2581
2686;01/11/1972;1160
2687;01/12/1972;1408
2688;01/01/1973;1281
2689;01/02/1973;1240
2690;01/03/1973;1323
2691;01/04/1973;2296
2692;01/05/1973;1200
2693;01/06/1973;1045
2694;01/07/1973;385
2695;01/08/1973;456
2696;01/09/1973;2241
2697;01/10/1973;675
2698;01/11/1973;385
2699;01/12/1973;341
2700;01/01/1974;481
2701;01/02/1974;456
2702;01/03/1974;320
2703;01/04/1974;1083
2704;01/05/1974;1008
2705;01/06/1974;867
2706;01/07/1974;2133
2707;01/08/1974;768
2708;01/09/1974;1121
2709;01/10/1974;1496
2710;01/11/1974;456
2711;01/12/1974;280
2712;01/01/1975;243
2713;01/02/1975;85
2714;01/03/1975;85
2715;01/04/1975;21
2716;01/05/1975;56
2717;01/06/1975;75
2718;01/07/1975;533
2719;01/08/1975;1083
2720;01/09/1975;120
2721;01/10/1975;56
2722;01/11/1975;243
2723;01/12/1975;48
2724;01/01/1976;40
2725;01/02/1976;8
2726;01/03/1976;320
2727;01/04/1976;225
2728;01/05/1976;96
2729;01/06/1976;96
2730;01/07/1976;3
2731;01/08/1976;192
2732;01/09/1976;133
2733;01/10/1976;261
2734;01/11/1976;21
2735;01/12/1976;147
2736;01/01/1977;176
2737;01/02/1977;341
2738;01/03/1977;48
2739;01/04/1977;96
2740;01/05/1977;243
2741;01/06/1977;936
2742;01/07/1977;300
2743;01/08/1977;588
2744;01/09/1977;1240
2745;01/10/1977;1323
2746;01/11/1977;533
2747;01/12/1977;1240
2748;01/01/1978;1776
2749;01/02/1978;5720
2750;01/03/1978;3960
2751;01/04/1978;6627
2752;01/05/1978;4563
2753;01/06/1978;6075
2754;01/07/1978;3333
2755;01/08/1978;2241
2756;01/09/1978;12545
2757;01/10/1978;10325
2758;01/11/1978;6256
2759;01/12/1978;10092
2760;01/01/1979;18252
2761;01/02/1979;12545
2762;01/03/1979;12675
2763;01/04/1979;6912
2764;01/05/1979;12160
2765;01/06/1979;14981
2766;01/07/1979;17025
2767;01/08/1979;13333
2768;01/09/1979;23763
2769;01/10/1979;23056
2770;01/11/1979;22188
2771;01/12/1979;20667
2772;01/01/1980;17176
2773;01/02/1980;15987
2774;01/03/1980;10800
2775;01/04/1980;18096
2776;01/05/1980;21336
2777;01/06/1980;16725
2778;01/07/1980;12160
2779;01/08/1980;12288
2780;01/09/1980;16133
2781;01/10/1980;18252
2782;01/11/1980;14700
2783;01/12/1980;20501
2784;01/01/1981;8112
2785;01/02/1981;11907
2786;01/03/1981;12936
2787;01/04/1981;17025
2788;01/05/1981;12545
2789;01/06/1981;5720
2790;01/07/1981;14008
2791;01/08/1981;19683
2792;01/09/1981;20008
2793;01/10/1981;15408
2794;01/11/1981;11285
2795;01/12/1981;12675
2796;01/01/1982;7500
2797;01/02/1982;17787
2798;01/03/1982;16280
2799;01/04/1982;9520
2800;01/05/1982;4800
2801;01/06/1982;8856
2802;01/07/1982;6533
2803;01/08/1982;8640
2804;01/09/1982;9185
2805;01/10/1982;5985
2806;01/11/1982;5292
2807;01/12/1982;9408
2808;01/01/1983;4332
2809;01/02/1983;1728
2810;01/03/1983;2523
2811;01/04/1983;4033
2812;01/05/1983;5808
2813;01/06/1983;5808
2814;01/07/1983;3888
2815;01/08/1983;3008
2816;01/09/1983;1541
2817;01/10/1983;1728
2818;01/11/1983;675
2819;01/12/1983;675
2820;01/01/1984;1825
2821;01/02/1984;3960
2822;01/03/1984;4563
2823;01/04/1984;2700
2824;01/05/1984;3008
2825;01/06/1984;1365
2826;01/07/1984;1045
2827;01/08/1984;385
2828;01/09/1984;147
2829;01/10/1984;40
2830;01/11/1984;208
2831;01/12/1984;147
2832;01/01/1985;108
2833;01/02/1985;133
2834;01/03/1985;96
2835;01/04/1985;133
2836;01/05/1985;341
2837;01/06/1985;225
2838;01/07/1985;533
2839;01/08/1985;40
2840;01/09/1985;5
2841;01/10/1985;161
2842;01/11/1985;96
2843;01/12/1985;85
2844;01/01/1986;3
2845;01/02/1986;243
2846;01/03/1986;56
2847;01/04/1986;147
2848;01/05/1986;96
2849;01/06/1986;0
2850;01/07/1986;108
2851;01/08/1986;21
2852;01/09/1986;12
2853;01/10/1986;507
2854;01/11/1986;85
2855;01/12/1986;8
2856;01/01/1987;40
2857;01/02/1987;3
2858;01/03/1987;108
2859;01/04/1987;705
2860;01/05/1987;507
2861;01/06/1987;96
2862;01/07/1987;507
2863;01/08/1987;800
2864;01/09/1987;560
2865;01/10/1987;1281
2866;01/11/1987;736
2867;01/12/1987;243
2868;01/01/1988;1587
2869;01/02/1988;705
2870;01/03/1988;2700
2871;01/04/1988;3816
2872;01/05/1988;1825
2873;01/06/1988;5208
2874;01/07/1988;5720
2875;01/08/1988;6440
2876;01/09/1988;6721
2877;01/10/1988;8008
2878;01/11/1988;8008
2879;01/12/1988;17633
2880;01/01/1989;14700
2881;01/02/1989;14421
2882;01/03/1989;9747
2883;01/04/1989;9185
2884;01/05/1989;12545
2885;01/06/1989;27075
2886;01/07/1989;10680
2887;01/08/1989;18096
2888;01/09/1989;16725
2889;01/10/1989;15123
2890;01/11/1989;19040
2891;01/12/1989;14840
2892;01/01/1990;17025
2893;01/02/1990;9861
2894;01/03/1990;12288
2895;01/04/1990;11781
2896;01/05/1990;10325
2897;01/06/1990;7803
2898;01/07/1990;12033
2899;01/08/1990;21168
2900;01/09/1990;9633
2901;01/10/1990;13200
2902;01/11/1990;10680
2903;01/12/1990;12805
2904;01/01/1991;12675
2905;01/02/1991;19200
2906;01/03/1991;12805
2907;01/04/1991;13068
2908;01/05/1991;9296
2909;01/06/1991;16875
2910;01/07/1991;19040
2911;01/08/1991;19040
2912;01/09/1991;9296
2913;01/10/1991;12936
2914;01/11/1991;8427
2915;01/12/1991;14981
2916;01/01/1992;12936
2917;01/02/1992;17633
2918;01/03/1992;7400
2919;01/04/1992;6721
2920;01/05/1992;2883
2921;01/06/1992;3136
2922;01/07/1992;4332
2923;01/08/1992;2821
2924;01/09/1992;2883
2925;01/10/1992;5896
2926;01/11/1992;5633
2927;01/12/1992;5043
2928;01/01/1993;2241
2929;01/02/1993;5292
2930;01/03/1993;3536
2931;01/04/1993;2883
2932;01/05/1993;2133
2933;01/06/1993;1541
2934;01/07/1993;2187
2935;01/08/1993;1240
2936;01/09/1993;341
2937;01/10/1993;1680
2938;01/11/1993;768
2939;01/12/1993;1587
2940;01/01/1994;2352
2941;01/02/1994;936
2942;01/03/1994;705
2943;01/04/1994;225
2944;01/05/1994;280
2945;01/06/1994;507
2946;01/07/1994;867
2947;01/08/1994;385
2948;01/09/1994;507
2949;01/10/1994;1452
2950;01/11/1994;300
2951;01/12/1994;363
2952;01/01/1995;341
2953;01/02/1995;705
2954;01/03/1995;705
2955;01/04/1995;161
2956;01/05/1995;108
2957;01/06/1995;147
2958;01/07/1995;120
2959;01/08/1995;108
2960;01/09/1995;85
2961;01/10/1995;300
2962;01/11/1995;65
2963;01/12/1995;65
2964;01/01/1996;48
2965;01/02/1996;12
2966;01/03/1996;40
2967;01/04/1996;16
2968;01/05/1996;16
2969;01/06/1996;96
2970;01/07/1996;48
2971;01/08/1996;108
2972;01/09/1996;1
2973;01/10/1996;0
2974;01/11/1996;176
2975;01/12/1996;56
2976;01/01/1997;16
2977;01/02/1997;33
2978;01/03/1997;48
2979;01/04/1997;176
2980;01/05/1997;208
2981;01/06/1997;133
2982;01/07/1997;56
2983;01/08/1997;385
2984;01/09/1997;1200
2985;01/10/1997;341
2986;01/11/1997;867
2987;01/12/1997;972
2988;01/01/1998;616
2989;01/02/1998;833
2990;01/03/1998;2133
2991;01/04/1998;1633
2992;01/05/1998;1728
2993;01/06/1998;2700
2994;01/07/1998;3201
2995;01/08/1998;4720
2996;01/09/1998;5808
2997;01/10/1998;2080
2998;01/11/1998;3136
2999;01/12/1998;4641
3000;01/01/1999;2523
3001;01/02/1999;3267
3002;01/03/1999;3468
3003;01/04/1999;2821
3004;01/05/1999;7400
3005;01/06/1999;14145
3006;01/07/1999;10092
3007;01/08/1999;6721
3008;01/09/1999;3816
3009;01/10/1999;9520
3010;01/11/1999;11656
3011;01/12/1999;4641
3012;01/01/2000;5985
3013;01/02/2000;9185
3014;01/03/2000;15696
3015;01/04/2000;12033
3016;01/05/2000;8965
3017;01/06/2000;11907
3018;01/07/2000;20008
3019;01/08/2000;10920
3020;01/09/2000;8216
3021;01/10/2000;6721
3022;01/11/2000;8321
3023;01/12/2000;6816
3024;01/01/2001;6627
3025;01/02/2001;4961
3026;01/03/2001;9185
3027;01/04/2001;8640
3028;01/05/2001;6627
3029;01/06/2001;13736
3030;01/07/2001;4961
3031;01/08/2001;8533
3032;01/09/2001;18723
3033;01/10/2001;12416
3034;01/11/2001;10325
3035;01/12/2001;14981
3036;01/01/2002;11285
3037;01/02/2002;9520
3038;01/03/2002;7301
3039;01/04/2002;11408
3040;01/05/2002;11781
3041;01/06/2002;5461
3042;01/07/2002;8748
3043;01/08/2002;10092
3044;01/09/2002;11656
3045;01/10/2002;7600
3046;01/11/2002;7105
3047;01/12/2002;5985
3048;01/01/2003;5896
3049;01/02/2003;1875
3050;01/03/2003;3333
3051;01/04/2003;3072
3052;01/05/2003;2581
3053;01/06/2003;4720
3054;01/07/2003;5376
3055;01/08/2003;4332
3056;01/09/2003;2028
3057;01/10/2003;3072
3058;01/11/2003;2296
3059;01/12/2003;1633
3060;01/01/2004;1160
3061;01/02/2004;1875
3062;01/03/2004;1875
3063;01/04/2004;1200
3064;01/05/2004;1776
3065;01/06/2004;1408
3066;01/07/2004;2296
3067;01/08/2004;1587
3068;01/09/2004;800
3069;01/10/2004;1825
3070;01/11/2004;1541
3071;01/12/2004;261
3072;01/01/2005;736
3073;01/02/2005;645
3074;01/03/2005;507
3075;01/04/2005;481
3076;01/05/2005;1200
3077;01/06/2005;1083
3078;01/07/2005;1240
3079;01/08/2005;1240
3080;01/09/2005;456
3081;01/10/2005;65
3082;01/11/2005;225
3083;01/12/2005;1160
3084;01/01/2006;147
3085;01/02/2006;12
3086;01/03/2006;96
3087;01/04/2006;867
3088;01/05/2006;456
3089;01/06/2006;176
3090;01/07/2006;161
3091;01/08/2006;161
3092;01/09/2006;208
3093;01/10/2006;75
3094;01/11/2006;432
3095;01/12/2006;147
3096;01/01/2007;280
3097;01/02/2007;96
3098;01/03/2007;12
3099;01/04/2007;12
3100;01/05/2007;133
3101;01/06/2007;133
3102;01/07/2007;75
3103;01/08/2007;27
3104;01/09/2007;5
3105;01/10/2007;1
3106;01/11/2007;1
3107;01/12/2007;108
3108;01/01/2008;5
3109;01/02/2008;3
3110;01/03/2008;65
3111;01/04/2008;3
3112;01/05/2008;12
3113;01/06/2008;8
3114;01/07/2008;0
3115;01/08/2008;0
3116;01/09/2008;0
3117;01/10/2008;3
3118;01/11/2008;12
3119;01/12/2008;1
3120;01/01/2009;1
3121;01/02/2009;0
3122;01/03/2009;0
3123;01/04/2009;1
3124;01/05/2009;1
3125;01/06/2009;16
3126;01/07/2009;12
3127;01/08/2009;0
3128;01/09/2009;16
3129;01/10/2009;21
3130;01/11/2009;16
3131;01/12/2009;85
3132;01/01/2010;108
3133;01/02/2010;243
3134;01/03/2010;161
3135;01/04/2010;27
3136;01/05/2010;48
3137;01/06/2010;108
3138;01/07/2010;192
3139;01/08/2010;280
3140;01/09/2010;456
3141;01/10/2010;341
3142;01/11/2010;408
3143;01/12/2010;208
3144;01/01/2011;225
3145;01/02/2011;768
3146;01/03/2011;2133
3147;01/04/2011;1976
3148;01/05/2011;1160
3149;01/06/2011;1045
3150;01/07/2011;1365
3151;01/08/2011;1365
3152;01/09/2011;4720
3153;01/10/2011;5208
3154;01/11/2011;6348
3155;01/12/2011;3888
3156;01/01/2012;3008
3157;01/02/2012;768
3158;01/03/2012;2523
3159;01/04/2012;2352
3160;01/05/2012;3072
3161;01/06/2012;2700
3162;01/07/2012;3333
3163;01/08/2012;2945
3164;01/09/2012;2821
3165;01/10/2012;1976
3166;01/11/2012;2465
3167;01/12/2012;1045
3168;01/01/2013;3072
3169;01/02/2013;1240
3170;01/03/2013;1976
3171;01/04/2013;3888
3172;01/05/2013;4800
3173;01/06/2013;1875
3174;01/07/2013;2408
3175;01/08/2013;2700
3176;01/09/2013;972
3177;01/10/2013;4256
3178;01/11/2013;4332
3179;01/12/2013;5208
3180;01/01/2014;4563
3181;01/02/2014;7105
3182;01/03/2014;5633
3183;01/04/2014;4107
3184;01/05/2014;4256
3185;01/06/2014;3536
3186;01/07/2014;3267
3187;01/08/2014;3816
3188;01/09/2014;5633
3189;01/10/2014;2640
3190;01/11/2014;3536
3191;01/12/2014;4181
3192;01/01/2015;2821
3193;01/02/2015;1408
3194;01/03/2015;1008
3195;01/04/2015;1825
3196;01/05/2015;2700
3197;01/06/2015;1408
3198;01/07/2015;1452
3199;01/08/2015;1408
3200;01/09/2015;1976
3201;01/10/2015;1408
3202;01/11/2015;1200
3203;01/12/2015;1045
3204;01/01/2016;1045
3205;01/02/2016;1083
3206;01/03/2016;1008
3207;01/04/2016;481
3208;01/05/2016;867
3209;01/06/2016;120
3210;01/07/2016;341
3211;01/08/2016;768
3212;01/09/2016;616
3213;01/10/2016;385
3214;01/11/2016;161
3215;01/12/2016;108
3216;01/01/2017;192
3217;01/02/2017;208
3218;01/03/2017;108
3219;01/04/2017;341
3220;01/05/2017;96
3221;01/06/2017;96
3222;01/07/2017;96
3223;01/08/2017;320
3224;01/09/2017;645
3225;01/10/2017;56
3226;01/11/2017;5
3227;01/12/2017;16
3228;01/01/2018;8
3229;01/02/2018;40
3230;01/03/2018;1
3231;01/04/2018;27
3232;01/05/2018;48
3233;01/06/2018;85
3234;01/07/2018;0
3235;01/08/2018;16
3236;01/09/2018;1
3237;01/10/2018;3
3238;01/11/2018;12
3239;01/12/2018;5
3240;01/01/2019;21
3241;01/02/2019;0
3242;01/03/2019;27
3243;01/04/2019;21
3244;01/05/2019;40
3245;01/06/2019;0
3246;01/07/2019;0
3247;01/08/2019;0
3248;01/09/2019;0
3249;01/10/2019;0
3250;01/11/2019;0
3251;01/12/2019;0